order_id,order_date,customer_id,product_id,quantity,unit_price
SO00001,2024-01-15,C041,P001,12,108.38
SO00002,2024-01-24,C003,P001,25,122.28
SO00003,2024-01-17,C039,P001,20,105.69
SO00004,2024-01-26,C006,P001,3,129.02
SO00005,2024-01-07,C008,P001,28,
SO00006,2024-01-17,C027,P001,10,107.85
SO00007,2024-01-24,C009,P001,20,104.96
SO00008,2024-01-17,C037,P001,28,129.39
SO00009,2024-01-22,C033,P001,5,104.86
SO00010,2024-01-01,C051,P001,1,120.49
SO00011,2024-01-02,C042,P001,3,117.8
SO00012,2024-01-26,C044,P001,7,129.63
SO00013,2024-01-23,C024,P001,21,121.48
SO00014,2024-01-19,C016,P002,4,165.25
SO00015,2024-01-07,C029,P002,2,158.63
SO00016,2024-01-01,C003,P002,13,167.11
SO00017,2024-01-07,C020,P002,5,187.6
SO00018,2024-01-01,C060,P002,34,177.68
SO00019,2024-01-25,C059,P002,4,156.31
SO00020,2024-01-23,C036,P002,14,172.58
SO00021,2024-01-10,C019,P002,13,161.8
SO00022,2024-01-16,C026,P002,1,183.05
SO00023,2024-01-25,C003,P002,6,171.63
SO00024,2024-01-16,C029,P003,10,53.16
SO00025,2024-01-08,C018,P003,4,54.31
SO00026,2024-01-17,C046,P003,4,48.25
SO00027,2024-01-16,C018,P003,14,45.85
SO00028,2024-01-19,C002,P003,24,51.93
SO00029,2024-01-22,C054,P003,23,47.53
SO00030,2024-01-06,C035,P003,16,55.76
SO00031,2024-01-19,C016,P003,11,54.79
SO00032,2024-01-27,C041,P003,1,49.67
SO00033,2024-01-21,C036,P003,2,50.43
SO00034,2024-01-15,C033,P003,24,50.32
SO00035,2024-01-05,C004,P003,10,47.38
SO00036,2024-01-16,C033,P003,1,47.94
SO00037,2024-01-03,C014,P003,1,53.41
SO00038,2024-01-17,C021,P003,11,55.94
SO00039,2024-01-22,C018,P004,12,73.23
SO00040,2024-01-27,,P004,9,72.16
SO00041,2024-01-26,C042,P004,2,79.64
SO00042,2024-01-01,C031,P004,1,69.5
SO00043,2024-01-22,C054,P004,10,73.24
SO00044,2024-01-10,C058,P004,2,80.8
SO00045,2024-01-03,C003,P004,13,71.5
SO00046,2024-01-24,C040,P004,13,82.54
SO00047,2024-01-26,C046,P004,7,67.29
SO00048,2024-01-04,C024,P004,1,80.61
SO00049,2024-01-01,C050,P004,2,68.39
SO00050,2024-01-14,C032,P004,7,80.57
SO00051,2024-01-12,C047,P004,1,82.1
SO00052,2024-01-10,C004,P005,19,38.04
SO00053,2024-01-17,C006,P005,1,38.71
SO00054,2024-01-19,C045,P005,14,39.06
SO00055,2024-01-23,,P005,18,37.41
SO00056,2024-01-26,C052,P005,8,43.67
SO00057,2024-01-23,C030,P005,20,38.97
SO00058,2024-01-12,C047,P005,1,38.8
SO00059,2024-01-26,C035,P005,1,43.25
SO00060,2024-01-15,C055,P005,39,37.4
SO00061,2024-01-22,C040,P005,10,41.49
SO00062,2024-01-08,C052,P005,3,43.42
SO00063,2024-01-01,C016,P005,17,43.6
SO00064,2024-01-07,C013,P005,33,40.98
SO00065,2024-01-05,C050,P005,5,40.58
SO00066,2024-01-23,C060,P005,22,35.62
SO00067,2024-01-23,C026,P006,12,29.15
SO00068,2024-01-22,C026,P006,37,33.37
SO00069,2024-01-02,C048,P006,1,30.68
SO00070,2024-01-10,C021,P006,3,33.31
SO00071,2024-01-26,C039,P006,1,32.41
SO00072,2024-01-24,C036,P006,1,33.54
SO00073,2024-01-04,C033,P006,51,33.23
SO00074,2024-01-16,C030,P006,32,33.43
SO00075,2024-01-17,C037,P006,17,35.04
SO00076,2024-02-26,C002,P001,8,112.86
SO00077,2024-02-19,C051,P001,17,111.33
SO00078,2024-02-04,C050,P001,10,122.02
SO00079,2024-02-18,C035,P001,13,120.35
SO00080,2024-02-24,C023,P001,46,123.11
SO00081,2024-02-21,C017,P001,8,129.16
SO00082,2024-02-04,C026,P001,53,108.61
SO00083,2024-02-09,C008,P001,38,118.78
SO00084,2024-02-03,C029,P001,4,129.75
SO00085,2024-02-16,C026,P001,1,107.32
SO00086,2024-02-17,C010,P001,2,124.19
SO00087,2024-02-20,C009,P002,14,177.56
SO00088,2024-02-04,C007,P002,6,187.96
SO00089,2024-02-16,C028,P002,2,182.01
SO00090,2024-02-13,C014,P002,8,187.38
SO00091,2024-02-26,C031,P002,9,154.19
SO00092,2024-02-26,C052,P002,2,168.78
SO00093,2024-02-23,C019,P002,3,172.74
SO00094,2024-02-11,C058,P002,5,156.45
SO00095,2024-02-12,C047,P002,5,178.15
SO00096,2024-02-26,C016,P002,3,175.49
SO00097,2024-02-06,,P002,2,155.2
SO00098,2024-02-13,C005,P002,1,160.46
SO00099,2024-02-09,C035,P002,1,183.23
SO00100,2024-02-26,C012,P002,22,157.57
SO00101,2024-02-05,C025,P002,13,160.86
SO00102,2024-02-17,C028,P003,24,45.73
SO00103,2024-02-01,C058,P003,42,47.3
SO00104,2024-02-06,C020,P003,61,53.78
SO00105,2024-02-13,C028,P003,20,55.66
SO00106,2024-02-15,C008,P003,7,54.78
SO00107,2024-02-22,C041,P003,1,55.16
SO00108,2024-02-05,C039,P003,21,47.63
SO00109,2024-02-19,C001,P003,12,55.66
SO00110,2024-02-18,C003,P003,8,46.66
SO00111,2024-02-17,C013,P003,34,52.59
SO00112,2024-02-01,C028,P003,2,51.83
SO00113,2024-02-22,C057,P003,10,49.1
SO00114,2024-02-23,C060,P003,1,45.31
SO00115,2024-02-13,C036,P004,52,82.5
SO00116,2024-02-06,C027,P004,1,83.16
SO00117,2024-02-05,C054,P004,8,77.51
SO00118,2024-02-02,C017,P004,2,68.59
SO00119,2024-02-18,C009,P004,7,76.47
SO00120,2024-02-05,C033,P004,3,67.64
SO00121,2024-02-01,C053,P004,17,80.26
SO00122,2024-02-18,C020,P004,8,83.79
SO00123,2024-02-17,C013,P004,4,73.53
SO00124,2024-02-26,C028,P004,5,73.6
SO00125,2024-02-22,C048,P004,7,81.13
SO00126,2024-02-14,C037,P005,7,37.0
SO00127,2024-02-01,C053,P005,4,43.6
SO00128,2024-02-13,C037,P005,1,37.02
SO00129,2024-02-01,C010,P005,26,41.11
SO00130,2024-02-02,C010,P005,22,38.35
SO00131,2024-02-08,C019,P005,105,35.4
SO00132,2024-02-26,C017,P005,73,39.78
SO00133,2024-02-22,C021,P005,10,42.52
SO00134,2024-02-02,C002,P006,45,33.38
SO00135,2024-02-15,C011,P006,19,31.95
SO00136,2024-02-02,C051,P006,19,31.31
SO00137,2024-02-06,C039,P006,49,32.05
SO00138,2024-02-15,C038,P006,12,31.66
SO00139,2024-02-23,C060,P006,3,32.57
SO00140,2024-02-17,C034,P006,1,35.64
SO00141,2024-02-04,C038,P006,33,32.11
SO00142,2024-02-17,,P006,23,32.34
SO00143,2024-03-03,C016,P001,37,117.4
SO00144,2024-03-18,C008,P001,16,119.65
SO00145,2024-03-19,C004,P001,9,105.06
SO00146,2024-03-05,C040,P001,33,112.97
SO00147,2024-03-10,C004,P001,16,108.6
SO00148,2024-03-21,C056,P001,29,118.27
SO00149,2024-03-05,C025,P001,23,115.98
SO00150,2024-03-26,C003,P001,33,127.25
SO00151,2024-03-17,C032,P001,19,117.09
SO00152,2024-03-14,C047,P002,3,157.61
SO00153,2024-03-19,C056,P002,1,179.11
SO00154,2024-03-15,C022,P002,6,184.09
SO00155,2024-03-11,C014,P002,10,172.22
SO00156,2024-03-13,C026,P002,6,184.95
SO00157,2024-03-06,C028,P002,1,172.24
SO00158,2024-03-15,C023,P002,4,155.99
SO00159,2024-03-23,C014,P002,1,166.34
SO00160,2024-03-10,C024,P002,18,173.43
SO00161,2024-03-17,C002,P002,1,160.04
SO00162,2024-03-26,C045,P002,8,172.34
SO00163,2024-03-25,C026,P002,37,185.84
SO00164,2024-03-22,C034,P003,28,47.32
SO00165,2024-03-06,C059,P003,17,47.55
SO00166,2024-03-04,C056,P003,23,54.33
SO00167,2024-03-24,C059,P003,35,54.84
SO00168,2024-03-23,C045,P003,22,45.38
SO00169,2024-03-08,C006,P003,23,52.61
SO00170,2024-03-24,C037,P003,22,46.05
SO00171,2024-03-02,C057,P003,13,51.25
SO00172,2024-03-11,C033,P003,11,54.49
SO00173,2024-03-06,C053,P003,61,55.72
SO00174,2024-03-10,C026,P004,2,76.42
SO00175,2024-03-10,C014,P004,14,83.83
SO00176,2024-03-13,C038,P004,33,78.7
SO00177,2024-03-20,C037,P004,10,71.48
SO00178,2024-03-05,C011,P004,11,67.25
SO00179,2024-03-09,C036,P004,4,77.21
SO00180,2024-03-24,C013,P004,18,77.38
SO00181,2024-03-03,C043,P004,3,73.06
SO00182,2024-03-17,C003,P004,5,81.49
SO00183,2024-03-12,C033,P004,7,74.06
SO00184,2024-03-21,C006,P004,9,79.48
SO00185,2024-03-09,C050,P004,3,70.64
SO00186,2024-03-03,C056,P004,2,68.32
SO00187,2024-03-19,C038,P005,23,39.98
SO00188,2024-03-06,C033,P005,26,43.47
SO00189,2024-03-07,C023,P005,21,41.63
SO00190,2024-03-10,C015,P005,24,36.43
SO00191,2024-03-15,C033,P005,26,42.93
SO00192,2024-03-01,C025,P005,3,39.89
SO00193,2024-03-07,C017,P005,4,40.24
SO00194,2024-03-06,C033,P005,15,41.82
SO00195,2024-03-05,C047,P005,36,42.05
SO00196,2024-03-01,C055,P005,6,35.5
SO00197,2024-03-22,C002,P005,13,41.48
SO00198,2024-03-05,C014,P005,17,42.92
SO00199,2024-03-01,C053,P005,9,36.11
SO00200,2024-03-13,C040,P005,19,36.17
SO00201,2024-03-04,C040,P005,34,39.22
SO00202,2024-03-12,C011,P006,13,35.37
SO00203,2024-03-08,C010,P006,42,32.44
SO00204,2024-03-25,C040,P006,4,30.64
SO00205,2024-03-08,C038,P006,7,35.08
SO00206,2024-03-12,C006,P006,34,29.54
SO00207,2024-03-16,C008,P006,33,33.82
SO00208,2024-03-24,C023,P006,27,28.97
SO00209,2024-03-10,C047,P006,31,34.35
SO00210,2024-03-26,C026,P006,20,29.3
SO00211,2024-03-19,C046,P006,8,34.1
SO00212,2024-03-08,C043,P006,11,34.85
SO00213,2024-04-17,C052,P001,3,119.26
SO00214,2024-04-27,C025,P001,62,115.76
SO00215,2024-04-19,C026,P001,50,110.45
SO00216,2024-04-25,C011,P001,18,116.96
SO00217,2024-04-06,C038,P001,22,104.88
SO00218,2024-04-01,C002,P001,12,113.42
SO00219,2024-04-11,C007,P001,1,120.44
SO00220,2024-04-18,C018,P001,10,121.25
SO00221,2024-04-07,C027,P001,40,129.36
SO00222,2024-04-09,C034,P001,1,107.87
SO00223,2024-04-22,C027,P001,10,126.38
SO00224,2024-04-23,C047,P002,45,187.95
SO00225,2024-04-10,C050,P002,5,162.29
SO00226,2024-04-14,C002,P002,7,172.01
SO00227,2024-04-01,C054,P002,1,152.96
SO00228,2024-04-18,C028,P002,11,184.95
SO00229,2024-04-08,C049,P002,2,153.03
SO00230,2024-04-23,C050,P002,18,161.65
SO00231,2024-04-23,C030,P002,2,177.53
SO00232,2024-04-08,C038,P002,2,155.96
SO00233,2024-04-15,C051,P002,1,173.64
SO00234,2024-04-19,C004,P002,5,176.8
SO00235,2024-04-15,C001,P002,6,179.39
SO00236,2024-04-03,C008,P002,1,161.24
SO00237,2024-04-14,C029,P002,12,174.92
SO00238,2024-04-05,C020,P003,1,48.67
SO00239,2024-04-09,C011,P003,3,49.68
SO00240,2024-04-12,C042,P003,8,47.26
SO00241,2024-04-26,C002,P003,1,53.35
SO00242,2024-04-24,C003,P003,7,46.08
SO00243,2024-04-24,C023,P003,29,55.84
SO00244,2024-04-23,C055,P003,18,53.76
SO00245,2024-04-17,C012,P003,74,50.23
SO00246,2024-04-17,C020,P003,56,47.81
SO00247,2024-04-12,C038,P004,9,77.84
SO00248,2024-04-21,C058,P004,4,70.15
SO00249,2024-04-13,C012,P004,2,81.28
SO00250,2024-04-21,C023,P004,8,73.64
SO00251,2024-04-26,C053,P004,4,74.29
SO00252,2024-04-02,,P004,1,69.99
SO00253,2024-04-11,C022,P004,18,70.3
SO00254,2024-04-21,C021,P004,9,77.33
SO00255,2024-04-26,C027,P004,9,68.35
SO00256,2024-04-11,C057,P004,13,72.05
SO00257,2024-04-04,C031,P004,6,79.28
SO00258,2024-04-07,C006,P004,13,77.45
SO00259,2024-04-22,C027,P004,5,75.2
SO00260,2024-04-15,C040,P004,1,83.23
SO00261,2024-04-22,C034,P004,4,79.51
SO00262,2024-04-06,C025,P005,51,40.39
SO00263,2024-04-19,C039,P005,85,37.97
SO00264,2024-04-27,C035,P005,5,
SO00265,2024-04-17,C003,P005,27,43.56
SO00266,2024-04-23,C050,P005,18,39.79
SO00267,2024-04-12,C037,P005,12,39.97
SO00268,2024-04-24,C044,P005,12,41.87
SO00269,2024-04-21,C044,P005,15,41.88
SO00270,2024-04-05,C051,P005,33,41.29
SO00271,2024-04-06,C030,P005,25,43.83
SO00272,2024-04-08,C058,P006,9,35.79
SO00273,2024-04-23,C007,P006,3,34.53
SO00274,2024-04-20,C014,P006,61,34.88
SO00275,2024-04-18,C015,P006,40,32.56
SO00276,2024-04-07,C053,P006,1,29.07
SO00277,2024-04-24,C007,P006,17,30.46
SO00278,2024-04-13,C009,P006,36,29.35
SO00279,2024-04-05,C051,P006,3,32.62
SO00280,2024-04-26,C048,P006,12,34.02
SO00281,2024-05-03,C034,P001,18,105.82
SO00282,2024-05-14,C030,P001,26,113.12
SO00283,2024-05-17,C059,P001,32,114.45
SO00284,2024-05-21,C055,P001,17,116.47
SO00285,2024-05-16,C013,P001,13,126.72
SO00286,2024-05-15,C013,P001,50,114.36
SO00287,2024-05-25,C018,P001,13,112.75
SO00288,2024-05-20,C032,P001,15,123.18
SO00289,2024-05-07,C037,P002,1,189.66
SO00290,2024-05-27,C037,P002,5,167.26
SO00291,2024-05-22,C043,P002,3,175.09
SO00292,2024-05-13,C060,P002,15,156.57
SO00293,2024-05-11,C006,P002,10,158.71
SO00294,2024-05-26,C039,P002,7,153.4
SO00295,2024-05-26,C056,P002,3,181.62
SO00296,2024-05-06,C046,P002,19,182.43
SO00297,2024-05-22,C024,P002,1,188.83
SO00298,2024-05-17,C011,P002,1,171.69
SO00299,2024-05-20,C013,P002,4,189.81
SO00300,2024-05-27,C034,P002,1,167.06
SO00301,2024-05-18,C025,P002,24,170.67
SO00302,2024-05-26,C005,P003,14,50.77
SO00303,2024-05-05,C011,P003,16,47.27
SO00304,2024-05-13,C059,P003,15,54.82
SO00305,2024-05-13,C034,P003,2,54.33
SO00306,2024-05-08,C024,P003,37,54.69
SO00307,2024-05-19,C060,P003,5,54.04
SO00308,2024-05-24,C015,P003,2,52.22
SO00309,2024-05-08,C038,P003,39,51.14
SO00310,2024-05-13,C008,P003,55,53.02
SO00311,2024-05-24,C059,P003,35,53.73
SO00312,2024-05-08,C005,P003,29,47.55
SO00313,2024-05-27,C048,P003,19,54.51
SO00314,2024-05-21,C057,P004,4,79.69
SO00315,2024-05-18,C051,P004,3,80.94
SO00316,2024-05-14,C031,P004,28,79.91
SO00317,2024-05-12,C023,P004,1,67.31
SO00318,2024-05-13,C042,P004,13,77.56
SO00319,2024-05-17,C010,P004,2,76.61
SO00320,2024-05-08,C032,P004,23,71.56
SO00321,2024-05-24,C043,P004,34,80.95
SO00322,2024-05-07,C026,P005,13,35.78
SO00323,2024-05-01,C056,P005,57,38.05
SO00324,2024-05-15,C059,P005,7,42.41
SO00325,2024-05-11,C018,P005,17,41.21
SO00326,2024-05-26,C050,P005,46,36.6
SO00327,2024-05-02,C014,P005,2,43.97
SO00328,2024-05-17,C047,P005,48,36.1
SO00329,2024-05-09,C029,P005,20,36.64
SO00330,2024-05-23,C012,P005,1,42.47
SO00331,2024-05-11,C036,P005,6,37.14
SO00332,2024-05-02,C059,P005,21,42.0
SO00333,2024-05-20,C035,P005,1,40.96
SO00334,2024-05-27,C052,P005,15,42.84
SO00335,2024-05-12,C012,P005,7,35.48
SO00336,2024-05-21,C012,P006,41,29.91
SO00337,2024-05-27,C018,P006,8,34.88
SO00338,2024-05-20,C015,P006,15,28.93
SO00339,2024-05-12,C044,P006,7,29.03
SO00340,2024-05-26,C016,P006,5,33.24
SO00341,2024-05-14,C027,P006,59,32.13
SO00342,2024-05-14,C008,P006,8,33.11
SO00343,2024-05-12,C060,P006,32,30.58
SO00344,2024-05-09,C046,P006,4,30.24
SO00345,2024-05-25,C025,P006,3,29.96
SO00346,2024-05-22,C017,P006,1,32.99
SO00347,2024-05-21,C029,P006,15,33.05
SO00348,2024-06-17,C038,P001,1,106.67
SO00349,2024-06-14,C041,P001,3,107.7
SO00350,2024-06-16,C008,P001,17,116.54
SO00351,2024-06-20,C011,P001,22,113.0
SO00352,2024-06-08,C022,P001,31,104.25
SO00353,2024-06-01,C051,P001,12,117.46
SO00354,2024-06-01,C024,P001,41,126.95
SO00355,2024-06-01,C041,P001,67,125.44
SO00356,2024-06-09,C003,P002,8,178.94
SO00357,2024-06-08,C059,P002,2,188.0
SO00358,2024-06-20,C006,P002,14,164.9
SO00359,2024-06-27,C009,P002,19,170.41
SO00360,2024-06-11,C006,P002,26,186.0
SO00361,2024-06-04,C009,P002,4,174.7
SO00362,2024-06-22,C039,P002,3,169.19
SO00363,2024-06-03,C031,P002,2,153.55
SO00364,2024-06-10,C032,P002,16,168.67
SO00365,2024-06-22,C022,P003,3,45.14
SO00366,2024-06-01,C037,P003,41,54.21
SO00367,2024-06-17,C032,P003,5,54.52
SO00368,2024-06-26,C056,P003,74,53.12
SO00369,2024-06-20,C041,P003,8,51.84
SO00370,2024-06-12,C059,P003,4,53.4
SO00371,2024-06-24,C003,P003,31,50.88
SO00372,2024-06-19,C028,P003,21,51.28
SO00373,2024-06-04,C010,P003,14,45.13
SO00374,2024-06-02,C051,P003,16,50.25
SO00375,2024-06-02,C035,P003,25,51.49
SO00376,2024-06-09,C023,P004,6,71.35
SO00377,2024-06-15,C042,P004,4,77.16
SO00378,2024-06-07,C044,P004,10,73.24
SO00379,2024-06-02,C014,P004,27,68.8
SO00380,2024-06-17,C014,P004,3,73.77
SO00381,2024-06-25,C002,P004,11,73.9
SO00382,2024-06-03,C055,P004,11,78.23
SO00383,2024-06-01,C037,P004,15,80.19
SO00384,2024-06-24,C005,P004,2,73.86
SO00385,2024-06-23,C038,P004,14,74.82
SO00386,2024-06-11,C045,P004,27,82.05
SO00387,2024-06-14,C049,P005,11,35.7
SO00388,2024-06-05,C056,P005,47,43.44
SO00389,2024-06-01,C044,P005,15,36.27
SO00390,2024-06-06,C056,P005,8,36.78
SO00391,2024-06-27,C028,P005,26,37.98
SO00392,2024-06-17,C047,P005,33,40.35
SO00393,2024-06-12,C015,P005,5,36.51
SO00394,2024-06-21,C006,P005,5,39.42
SO00395,2024-06-27,C044,P005,1,35.24
SO00396,2024-06-02,C059,P005,35,38.04
SO00397,2024-06-25,C020,P005,29,40.3
SO00398,2024-06-24,C050,P005,17,39.74
SO00399,2024-06-02,C055,P006,14,33.56
SO00400,2024-06-23,C008,P006,25,35.6
SO00401,2024-06-10,C029,P006,4,28.93
SO00402,2024-06-18,C032,P006,5,33.25
SO00403,2024-06-08,C038,P006,5,35.03
SO00404,2024-06-17,C005,P006,91,29.02
SO00405,2024-06-08,C047,P006,43,34.53
SO00406,2024-06-04,C022,P006,6,33.67
SO00407,2024-06-19,C047,P006,7,35.57
SO00408,2024-07-04,C013,P001,1,121.36
SO00409,2024-07-06,C031,P001,13,127.44
SO00410,2024-07-13,C041,P001,89,124.74
SO00411,2024-07-19,C011,P001,1,126.59
SO00412,2024-07-01,C004,P001,45,107.13
SO00413,2024-07-22,C034,P001,6,120.88
SO00414,2024-07-21,C038,P001,25,112.44
SO00415,2024-07-12,C046,P001,18,119.86
SO00416,2024-07-15,C006,P002,12,166.99
SO00417,2024-07-23,,P002,5,182.89
SO00418,2024-07-18,C053,P002,6,179.19
SO00419,2024-07-11,C029,P002,3,152.69
SO00420,2024-07-23,C026,P002,5,168.37
SO00421,2024-07-16,C025,P002,3,176.6
SO00422,2024-07-15,C012,P002,1,161.25
SO00423,2024-07-11,C005,P002,9,166.44
SO00424,2024-07-04,C034,P002,11,187.51
SO00425,2024-07-22,C048,P002,10,159.39
SO00426,2024-07-14,C037,P002,6,170.46
SO00427,2024-07-16,C015,P002,5,171.88
SO00428,2024-07-14,C044,P002,20,163.68
SO00429,2024-07-15,C036,P002,7,172.23
SO00430,2024-07-22,C004,P003,27,53.97
SO00431,2024-07-22,C054,P003,7,51.45
SO00432,2024-07-26,C007,P003,11,47.17
SO00433,2024-07-10,C054,P003,3,46.76
SO00434,2024-07-25,C001,P003,4,54.21
SO00435,2024-07-08,C044,P003,24,53.42
SO00436,2024-07-17,C056,P003,4,47.45
SO00437,2024-07-05,C045,P003,16,48.18
SO00438,2024-07-24,C042,P003,26,54.01
SO00439,2024-07-07,C047,P003,2,52.28
SO00440,2024-07-18,C059,P003,18,53.39
SO00441,2024-07-10,C013,P003,6,49.86
SO00442,2024-07-18,C055,P003,70,46.51
SO00443,2024-07-07,C010,P004,24,78.88
SO00444,2024-07-03,C009,P004,36,74.64
SO00445,2024-07-07,C014,P004,4,79.37
SO00446,2024-07-11,C013,P004,2,83.85
SO00447,2024-07-14,C057,P004,1,68.95
SO00448,2024-07-26,C025,P004,19,72.87
SO00449,2024-07-07,C002,P004,17,80.18
SO00450,2024-07-04,C035,P004,15,68.64
SO00451,2024-07-23,C003,P005,36,
SO00452,2024-07-06,C054,P005,22,40.11
SO00453,2024-07-02,C044,P005,66,39.13
SO00454,2024-07-20,C058,P005,41,35.73
SO00455,2024-07-12,C003,P005,3,35.98
SO00456,2024-07-05,C022,P005,38,36.74
SO00457,2024-07-15,C006,P005,12,36.97
SO00458,2024-07-16,C002,P005,33,38.8
SO00459,2024-07-20,C021,P006,6,33.9
SO00460,2024-07-14,C020,P006,15,29.65
SO00461,2024-07-23,C006,P006,5,30.69
SO00462,2024-07-02,C022,P006,12,31.54
SO00463,2024-07-02,C018,P006,17,35.55
SO00464,2024-07-09,C008,P006,28,32.47
SO00465,2024-07-03,C039,P006,3,31.66
SO00466,2024-07-23,C032,P006,5,35.59
SO00467,2024-07-18,C033,P006,2,32.51
SO00468,2024-07-03,C053,P006,52,34.46
SO00469,2024-07-15,C016,P006,28,35.94
SO00470,2024-07-05,C012,P006,8,31.62
SO00471,2024-07-12,C038,P006,20,35.5
SO00472,2024-08-14,C014,P001,36,107.62
SO00473,2024-08-16,C020,P001,24,123.89
SO00474,2024-08-20,C018,P001,41,117.07
SO00475,2024-08-09,C010,P001,5,125.46
SO00476,2024-08-13,C025,P001,8,113.56
SO00477,2024-08-08,C002,P001,54,116.43
SO00478,2024-08-04,C025,P001,12,107.51
SO00479,2024-08-04,C054,P001,1,106.08
SO00480,2024-08-12,C033,P001,5,129.11
SO00481,2024-08-13,C036,P001,8,128.35
SO00482,2024-08-09,C011,P002,9,181.74
SO00483,2024-08-14,C050,P002,2,155.84
SO00484,2024-08-16,C031,P002,15,178.28
SO00485,2024-08-01,C056,P002,4,171.36
SO00486,2024-08-07,C015,P002,14,160.7
SO00487,2024-08-05,C009,P002,16,175.38
SO00488,2024-08-20,C023,P002,2,158.6
SO00489,2024-08-04,C019,P002,1,172.03
SO00490,2024-08-07,C009,P002,23,179.52
SO00491,2024-08-05,C035,P002,9,185.69
SO00492,2024-08-03,C021,P002,1,165.97
SO00493,2024-08-11,C045,P003,11,49.89
SO00494,2024-08-20,C021,P003,73,47.78
SO00495,2024-08-21,C053,P003,6,50.27
SO00496,2024-08-04,C018,P003,3,54.48
SO00497,2024-08-16,C037,P003,12,53.06
SO00498,2024-08-08,C045,P003,34,53.88
SO00499,2024-08-20,C032,P003,19,54.43
SO00500,2024-08-10,C036,P003,25,53.59
SO00501,2024-08-13,C017,P003,5,46.29
SO00502,2024-08-17,C035,P003,21,52.18
SO00503,2024-08-09,C049,P003,9,52.51
SO00504,2024-08-16,C060,P003,40,47.65
SO00505,2024-08-05,C023,P004,29,68.0
SO00506,2024-08-08,C024,P004,3,68.62
SO00507,2024-08-11,C045,P004,17,78.27
SO00508,2024-08-19,C019,P004,19,68.4
SO00509,2024-08-24,C005,P004,8,67.8
SO00510,2024-08-20,C032,P004,5,79.59
SO00511,2024-08-26,C044,P004,7,74.96
SO00512,2024-08-04,C001,P004,3,73.08
SO00513,2024-08-15,C023,P004,24,83.03
SO00514,2024-08-14,C025,P005,3,35.81
SO00515,2024-08-25,C009,P005,34,39.87
SO00516,2024-08-18,C002,P005,46,38.04
SO00517,2024-08-04,C015,P005,10,37.78
SO00518,2024-08-08,C050,P005,1,36.2
SO00519,2024-08-13,C003,P005,3,40.33
SO00520,2024-08-16,C049,P005,110,42.34
SO00521,2024-08-02,C036,P005,11,36.33
SO00522,2024-08-15,C004,P005,47,36.18
SO00523,2024-08-07,C046,P006,9,34.89
SO00524,2024-08-09,C049,P006,17,32.72
SO00525,2024-08-21,C056,P006,21,34.24
SO00526,2024-08-21,C021,P006,22,35.84
SO00527,2024-08-14,C035,P006,35,34.05
SO00528,2024-08-07,C058,P006,107,30.1
SO00529,2024-08-11,C032,P006,10,31.1
SO00530,2024-08-22,C030,P006,5,35.89
SO00531,2024-08-22,C055,P006,8,32.68
SO00532,2024-09-12,C039,P001,20,122.89
SO00533,2024-09-01,C044,P001,27,111.23
SO00534,2024-09-03,C047,P001,4,114.44
SO00535,2024-09-10,C025,P001,11,121.1
SO00536,2024-09-25,C037,P001,29,118.43
SO00537,2024-09-14,C047,P001,21,120.02
SO00538,2024-09-27,C008,P001,12,121.88
SO00539,2024-09-16,C042,P001,14,124.38
SO00540,2024-09-20,C058,P001,11,117.63
SO00541,2024-09-10,C016,P001,6,123.79
SO00542,2024-09-22,C008,P001,13,125.65
SO00543,2024-09-14,C001,P001,18,109.26
SO00544,2024-09-08,C010,P002,16,158.78
SO00545,2024-09-10,C024,P002,13,175.54
SO00546,2024-09-04,C054,P002,16,158.89
SO00547,2024-09-13,C035,P002,21,155.53
SO00548,2024-09-23,C026,P002,7,185.22
SO00549,2024-09-14,C037,P002,8,179.49
SO00550,2024-09-05,C038,P002,2,174.04
SO00551,2024-09-23,C021,P002,6,178.71
SO00552,2024-09-24,C054,P002,12,174.93
SO00553,2024-09-04,C052,P003,1,50.36
SO00554,2024-09-15,C049,P003,8,46.13
SO00555,2024-09-06,C059,P003,20,55.9
SO00556,2024-09-11,C028,P003,3,53.09
SO00557,2024-09-26,C059,P003,23,51.38
SO00558,2024-09-25,C047,P003,27,51.13
SO00559,2024-09-10,C011,P003,79,48.55
SO00560,2024-09-13,C057,P003,5,52.64
SO00561,2024-09-22,C060,P003,34,47.86
SO00562,2024-09-17,C054,P003,14,55.21
SO00563,2024-09-19,C045,P003,9,55.34
SO00564,2024-09-10,C033,P003,3,54.35
SO00565,2024-09-26,C017,P003,26,54.57
SO00566,2024-09-05,C006,P003,5,50.19
SO00567,2024-09-07,C031,P004,9,71.35
SO00568,2024-09-14,C020,P004,10,71.39
SO00569,2024-09-16,C024,P004,2,73.44
SO00570,2024-09-10,C025,P004,1,81.39
SO00571,2024-09-06,C036,P004,20,68.3
SO00572,2024-09-13,C021,P004,11,81.53
SO00573,2024-09-11,C030,P004,9,68.25
SO00574,2024-09-26,C024,P004,20,76.64
SO00575,2024-09-21,C044,P004,22,76.14
SO00576,2024-09-01,C042,P004,3,80.17
SO00577,2024-09-06,C030,P004,15,82.32
SO00578,2024-09-18,C022,P004,2,79.51
SO00579,2024-09-09,C050,P005,42,42.17
SO00580,2024-09-17,C053,P005,1,39.98
SO00581,2024-09-06,C004,P005,8,37.19
SO00582,2024-09-02,C042,P005,5,39.47
SO00583,2024-09-21,C057,P005,20,36.44
SO00584,2024-09-22,C007,P005,60,42.68
SO00585,2024-09-02,C022,P005,4,36.06
SO00586,2024-09-16,C055,P005,16,38.82
SO00587,2024-09-07,C033,P005,3,40.0
SO00588,2024-09-24,C017,P005,13,42.13
SO00589,2024-09-06,C024,P005,9,42.3
SO00590,2024-09-10,C034,P005,54,43.81
SO00591,2024-09-19,C028,P005,14,42.12
SO00592,2024-09-07,C058,P005,6,42.87
SO00593,2024-09-26,C043,P005,2,38.11
SO00594,2024-09-19,C044,P006,29,31.98
SO00595,2024-09-11,C033,P006,1,30.27
SO00596,2024-09-10,C042,P006,3,29.48
SO00597,2024-09-09,C052,P006,23,32.96
SO00598,2024-09-21,C035,P006,4,31.05
SO00599,2024-09-09,C006,P006,6,31.65
SO00600,2024-09-16,C039,P006,62,35.26
SO00601,2024-09-18,C052,P006,17,29.94
SO00602,2024-09-20,C023,P006,29,32.82
SO00603,2024-09-02,C025,P006,17,31.08
SO00604,2024-09-03,C059,P006,17,31.41
SO00605,2024-09-27,C050,P006,2,30.79
SO00606,2024-09-08,C043,P006,9,32.45
SO00607,2024-10-05,C038,P001,21,129.31
SO00608,2024-10-09,C058,P001,10,125.3
SO00609,2024-10-18,C031,P001,2,106.88
SO00610,2024-10-12,C059,P001,6,129.69
SO00611,2024-10-02,C055,P001,9,125.36
SO00612,2024-10-12,C027,P001,1,112.17
SO00613,2024-10-24,C005,P001,20,116.85
SO00614,2024-10-03,C025,P001,15,126.88
SO00615,2024-10-26,C003,P001,7,110.35
SO00616,2024-10-24,C033,P001,32,106.27
SO00617,2024-10-01,C004,P001,5,110.24
SO00618,2024-10-20,C025,P001,39,127.54
SO00619,2024-10-19,C020,P001,10,115.71
SO00620,2024-10-26,C034,P001,10,119.96
SO00621,2024-10-23,C026,P001,2,120.14
SO00622,2024-10-21,C055,P002,9,176.82
SO00623,2024-10-14,C023,P002,11,186.34
SO00624,2024-10-17,C003,P002,13,181.11
SO00625,2024-10-03,C004,P002,2,154.25
SO00626,2024-10-15,C058,P002,1,161.89
SO00627,2024-10-01,C025,P002,9,185.22
SO00628,2024-10-27,C047,P002,1,173.3
SO00629,2024-10-27,C038,P002,3,166.81
SO00630,2024-10-14,C015,P002,1,169.49
SO00631,2024-10-04,C021,P002,8,166.5
SO00632,2024-10-03,C035,P002,1,167.68
SO00633,2024-10-14,C057,P002,7,170.2
SO00634,2024-10-17,C053,P002,33,153.6
SO00635,2024-10-09,C053,P003,2,48.16
SO00636,2024-10-09,C036,P003,16,45.34
SO00637,2024-10-04,C040,P003,46,54.63
SO00638,2024-10-02,C017,P003,22,52.28
SO00639,2024-10-14,C030,P003,15,48.61
SO00640,2024-10-24,C009,P003,24,46.88
SO00641,2024-10-23,C033,P003,52,50.75
SO00642,2024-10-17,C056,P003,12,48.0
SO00643,2024-10-12,C052,P003,11,51.33
SO00644,2024-10-14,C025,P003,13,54.38
SO00645,2024-10-21,C014,P003,10,45.51
SO00646,2024-10-20,C011,P003,13,47.27
SO00647,2024-10-12,C053,P003,8,46.09
SO00648,2024-10-09,C035,P003,3,54.99
SO00649,2024-10-07,C022,P004,24,69.41
SO00650,2024-10-04,C040,P004,1,73.66
SO00651,2024-10-13,C021,P004,37,83.51
SO00652,2024-10-12,C051,P004,1,83.17
SO00653,2024-10-02,C038,P004,14,75.14
SO00654,2024-10-09,C020,P004,1,75.71
SO00655,2024-10-23,C057,P004,29,74.04
SO00656,2024-10-22,C029,P004,7,71.47
SO00657,2024-10-17,C051,P004,2,67.87
SO00658,2024-10-06,C004,P004,5,67.97
SO00659,2024-10-08,C055,P004,2,71.21
SO00660,2024-10-17,C021,P005,38,36.2
SO00661,2024-10-19,C053,P005,13,42.94
SO00662,2024-10-23,C049,P005,54,42.89
SO00663,2024-10-13,C042,P005,19,41.14
SO00664,2024-10-14,C043,P005,13,43.94
SO00665,2024-10-13,C054,P005,42,43.38
SO00666,2024-10-13,C041,P005,1,38.67
SO00667,2024-10-12,C009,P005,1,41.62
SO00668,2024-10-08,C024,P005,14,43.19
SO00669,2024-10-21,C037,P005,2,37.47
SO00670,2024-10-16,C049,P005,7,37.81
SO00671,2024-10-26,C041,P005,24,43.6
SO00672,2024-10-17,C033,P006,25,29.31
SO00673,2024-10-26,C036,P006,39,31.11
SO00674,2024-10-09,C018,P006,1,35.58
SO00675,2024-10-09,C037,P006,25,33.45
SO00676,2024-10-19,C019,P006,35,33.07
SO00677,2024-10-10,C047,P006,1,32.42
SO00678,2024-10-19,C028,P006,40,35.38
SO00679,2024-10-25,C040,P006,6,29.91
SO00680,2024-10-03,C020,P006,21,34.01
SO00681,2024-11-15,C045,P001,28,123.74
SO00682,2024-11-23,C055,P001,20,112.29
SO00683,2024-11-16,C009,P001,13,104.32
SO00684,2024-11-27,C053,P001,10,119.63
SO00685,2024-11-04,C038,P001,1,114.22
SO00686,2024-11-24,C058,P001,8,113.74
SO00687,2024-11-24,C030,P001,40,108.31
SO00688,2024-11-07,C060,P001,27,107.71
SO00689,2024-11-24,C044,P001,4,123.81
SO00690,2024-11-15,C034,P001,10,108.02
SO00691,2024-11-10,C032,P001,28,120.79
SO00692,2024-11-03,C003,P001,1,112.86
SO00693,2024-11-27,C003,P001,8,114.65
SO00694,2024-11-17,C028,P001,31,106.63
SO00695,2024-11-05,C044,P001,9,117.81
SO00696,2024-11-18,C059,P002,2,183.41
SO00697,2024-11-17,C015,P002,39,155.35
SO00698,2024-11-27,C053,P002,5,188.52
SO00699,2024-11-20,C030,P002,10,153.18
SO00700,2024-11-16,C042,P002,1,181.39
SO00701,2024-11-05,C037,P002,6,157.86
SO00702,2024-11-17,C058,P002,1,172.23
SO00703,2024-11-13,C037,P002,6,180.95
SO00704,2024-11-27,C042,P002,30,183.86
SO00705,2024-11-03,C060,P002,4,163.49
SO00706,2024-11-13,C037,P002,1,159.4
SO00707,2024-11-17,C035,P002,1,
SO00708,2024-11-12,C023,P002,4,160.93
SO00709,2024-11-11,C006,P002,2,173.19
SO00710,2024-11-19,C004,P002,1,158.28
SO00711,2024-11-22,C019,P003,18,53.65
SO00712,2024-11-05,C027,P003,179,53.7
SO00713,2024-11-20,C053,P003,75,50.03
SO00714,2024-11-26,C034,P003,34,55.37
SO00715,2024-11-17,C011,P003,30,55.43
SO00716,2024-11-26,C054,P003,34,55.79
SO00717,2024-11-12,C045,P003,8,53.25
SO00718,2024-11-06,C047,P003,18,51.39
SO00719,2024-11-26,C012,P003,1,50.3
SO00720,2024-11-11,C054,P003,23,47.08
SO00721,2024-11-24,C021,P003,28,49.74
SO00722,2024-11-08,C048,P004,10,68.25
SO00723,2024-11-06,C009,P004,9,71.5
SO00724,2024-11-05,C008,P004,11,75.78
SO00725,2024-11-14,C052,P004,27,70.91
SO00726,2024-11-23,C045,P004,53,67.52
SO00727,2024-11-22,C017,P004,7,78.75
SO00728,2024-11-11,C017,P004,23,81.85
SO00729,2024-11-10,C049,P004,19,69.46
SO00730,2024-11-21,C033,P004,11,73.23
SO00731,2024-11-02,C032,P004,42,72.8
SO00732,2024-11-06,C001,P005,1,37.89
SO00733,2024-11-08,C036,P005,139,36.18
SO00734,2024-11-13,C035,P005,26,43.54
SO00735,2024-11-02,C002,P005,40,35.25
SO00736,2024-11-19,C040,P005,8,39.8
SO00737,2024-11-16,C023,P005,1,41.2
SO00738,2024-11-17,C009,P005,30,39.61
SO00739,2024-11-10,C034,P005,41,37.33
SO00740,2024-11-06,C046,P005,31,35.64
SO00741,2024-11-02,C014,P005,3,41.45
SO00742,2024-11-24,C004,P005,32,37.8
SO00743,2024-11-02,C030,P005,33,37.67
SO00744,2024-11-08,C031,P005,24,37.77
SO00745,2024-11-04,C008,P006,11,29.83
SO00746,2024-11-23,C054,P006,52,33.99
SO00747,2024-11-12,C052,P006,9,32.38
SO00748,2024-11-14,C020,P006,14,35.15
SO00749,2024-11-24,C032,P006,6,33.33
SO00750,2024-11-11,C050,P006,22,30.76
SO00751,2024-11-17,C014,P006,85,31.09
SO00752,2024-11-17,C050,P006,20,32.48
SO00753,2024-11-26,C028,P006,10,33.95
SO00754,2024-11-22,C046,P006,23,33.89
SO00755,2024-11-23,C052,P006,3,33.0
SO00756,2024-11-08,C053,P006,48,28.83
SO00757,2024-11-05,C024,P006,15,35.57
SO00758,2024-11-11,C015,P006,13,34.75
SO00759,2024-11-11,C022,P006,19,30.75
SO00760,2024-12-12,C055,P001,38,107.37
SO00761,2024-12-04,C010,P001,46,122.27
SO00762,2024-12-09,C047,P001,9,106.74
SO00763,2024-12-19,C023,P001,8,120.49
SO00764,2024-12-05,C021,P001,44,105.25
SO00765,2024-12-05,C021,P001,18,116.96
SO00766,2024-12-07,C043,P001,2,117.01
SO00767,2024-12-09,C013,P001,1,116.38
SO00768,2024-12-16,C037,P001,13,109.43
SO00769,2024-12-14,C033,P001,42,124.04
SO00770,2024-12-09,C024,P001,30,105.36
SO00771,2024-12-08,C036,P002,4,176.76
SO00772,2024-12-18,C045,P002,15,180.01
SO00773,2024-12-06,C023,P002,10,176.5
SO00774,2024-12-21,C045,P002,23,177.92
SO00775,2024-12-22,C045,P002,8,159.57
SO00776,2024-12-04,C034,P002,37,155.24
SO00777,2024-12-11,C009,P002,24,165.98
SO00778,2024-12-25,C024,P002,19,183.29
SO00779,2024-12-27,C060,P003,97,51.24
SO00780,2024-12-10,C026,P003,1,53.43
SO00781,2024-12-09,C038,P003,26,46.15
SO00782,2024-12-06,C001,P003,22,49.68
SO00783,2024-12-21,C020,P003,1,48.63
SO00784,2024-12-23,C055,P003,7,50.6
SO00785,2024-12-20,C028,P003,29,51.99
SO00786,2024-12-12,C016,P003,36,44.82
SO00787,2024-12-11,C047,P003,28,52.23
SO00788,2024-12-13,C017,P003,41,55.71
SO00789,2024-12-15,C040,P003,49,52.37
SO00790,2024-12-11,C028,P003,1,54.09
SO00791,2024-12-23,C058,P003,33,53.54
SO00792,2024-12-08,C012,P003,178,47.12
SO00793,2024-12-09,C005,P004,11,70.64
SO00794,2024-12-26,C056,P004,2,70.49
SO00795,2024-12-10,C032,P004,8,82.25
SO00796,2024-12-25,C020,P004,9,80.33
SO00797,2024-12-13,C050,P004,20,71.84
SO00798,2024-12-13,C011,P004,42,80.83
SO00799,2024-12-08,C015,P004,20,82.43
SO00800,2024-12-11,C032,P004,2,71.57
SO00801,2024-12-17,C028,P004,98,83.12
SO00802,2024-12-06,C022,P004,88,72.08
SO00803,2024-12-06,C034,P005,85,43.37
SO00804,2024-12-18,C015,P005,85,40.01
SO00805,2024-12-14,C032,P005,193,39.01
SO00806,2024-12-03,C058,P005,50,36.66
SO00807,2024-12-08,C021,P005,19,37.04
SO00808,2024-12-11,C046,P005,3,
SO00809,2024-12-17,C005,P005,39,43.83
SO00810,2024-12-13,C006,P005,26,39.84
SO00811,2024-12-08,C004,P006,4,29.96
SO00812,2024-12-08,C044,P006,46,34.37
SO00813,2024-12-04,C051,P006,3,30.58
SO00814,2024-12-01,C029,P006,43,32.1
SO00815,2024-12-17,C059,P006,75,29.97
SO00816,2024-12-24,C034,P006,18,34.3
SO00817,2024-12-22,C017,P006,56,33.14
SO00818,2024-12-05,C043,P006,12,28.87
SO00819,2024-12-05,C043,P006,4,31.51
SO00820,2024-12-10,C053,P006,8,34.59
SO00821,2024-12-21,C016,P006,13,30.4
SO00822,2024-12-08,C002,P006,1,34.91
SO00823,2024-12-08,C034,P006,14,34.62
SO00824,2024-12-22,C055,P006,56,31.89
SO00825,2025-01-18,C039,P001,1,121.07
SO00826,2025-01-18,C027,P001,35,127.46
SO00827,2025-01-26,C026,P001,2,127.87
SO00828,2025-01-20,C014,P001,69,104.72
SO00829,2025-01-27,C017,P001,46,109.74
SO00830,2025-01-09,C018,P001,10,109.95
SO00831,2025-01-01,C045,P001,11,108.56
SO00832,2025-01-02,C052,P001,10,121.67
SO00833,2025-01-09,C029,P001,15,128.71
SO00834,2025-01-05,C020,P001,1,122.7
SO00835,2025-01-24,C053,P001,1,119.08
SO00836,2025-01-03,C027,P001,1,112.48
SO00837,2025-01-25,C029,P002,3,165.85
SO00838,2025-01-26,C008,P002,4,187.75
SO00839,2025-01-05,C041,P002,18,169.48
SO00840,2025-01-15,C048,P002,24,182.81
SO00841,2025-01-08,C019,P002,18,153.81
SO00842,2025-01-04,C048,P002,4,178.36
SO00843,2025-01-24,C039,P002,12,165.4
SO00844,2025-01-04,C046,P002,5,157.76
SO00845,2025-01-25,C028,P002,6,169.61
SO00846,2025-01-21,C046,P002,2,162.73
SO00847,2025-01-25,C012,P003,17,47.63
SO00848,2025-01-19,C038,P003,16,46.83
SO00849,2025-01-16,C051,P003,19,54.9
SO00850,2025-01-22,C036,P003,1,49.34
SO00851,2025-01-16,C047,P003,10,53.25
SO00852,2025-01-21,C041,P003,28,50.88
SO00853,2025-01-08,C005,P003,5,52.2
SO00854,2025-01-27,C013,P003,5,49.44
SO00855,2025-01-10,C023,P003,1,52.74
SO00856,2025-01-27,C058,P003,12,47.81
SO00857,2025-01-09,C050,P003,46,47.81
SO00858,2025-01-10,C030,P003,1,50.2
SO00859,2025-01-17,C037,P003,5,51.54
SO00860,2025-01-09,C006,P004,9,73.0
SO00861,2025-01-06,C001,P004,1,78.37
SO00862,2025-01-21,C047,P004,7,81.59
SO00863,2025-01-17,C023,P004,14,79.41
SO00864,2025-01-15,C058,P004,11,74.51
SO00865,2025-01-01,C039,P004,2,72.44
SO00866,2025-01-26,C057,P004,32,69.94
SO00867,2025-01-04,C017,P004,5,73.66
SO00868,2025-01-19,C034,P004,2,80.34
SO00869,2025-01-03,C059,P004,2,67.39
SO00870,2025-01-26,C041,P004,1,77.55
SO00871,2025-01-23,C004,P005,14,40.23
SO00872,2025-01-16,C044,P005,59,43.84
SO00873,2025-01-19,C023,P005,1,35.31
SO00874,2025-01-16,C002,P005,12,36.63
SO00875,2025-01-01,C056,P005,22,40.03
SO00876,2025-01-21,C022,P005,34,37.9
SO00877,2025-01-27,C051,P005,3,38.82
SO00878,2025-01-06,C057,P005,28,38.14
SO00879,2025-01-25,C037,P005,14,42.93
SO00880,2025-01-05,C008,P005,9,35.8
SO00881,2025-01-27,C007,P005,2,38.33
SO00882,2025-01-18,C014,P005,34,39.01
SO00883,2025-01-19,C056,P005,3,41.16
SO00884,2025-01-17,C029,P006,1,29.54
SO00885,2025-01-26,C024,P006,12,29.62
SO00886,2025-01-09,C018,P006,72,34.11
SO00887,2025-01-26,C010,P006,26,32.99
SO00888,2025-01-17,C041,P006,28,31.29
SO00889,2025-01-12,C057,P006,25,29.33
SO00890,2025-01-03,C008,P006,6,30.28
SO00891,2025-01-25,C026,P006,14,34.13
SO00892,2025-01-02,C029,P006,35,30.87
SO00893,2025-01-10,C010,P006,3,33.77
SO00894,2025-02-04,C015,P001,2,110.49
SO00895,2025-02-02,C027,P001,62,126.52
SO00896,2025-02-01,C010,P001,7,107.04
SO00897,2025-02-25,C009,P001,2,108.03
SO00898,2025-02-15,C033,P001,19,109.54
SO00899,2025-02-19,C032,P001,20,126.96
SO00900,2025-02-27,C048,P001,21,124.08
SO00901,2025-02-04,C006,P001,6,122.23
SO00902,2025-02-25,C041,P001,1,105.31
SO00903,2025-02-01,C059,P001,69,104.4
SO00904,2025-02-27,C050,P002,19,179.49
SO00905,2025-02-26,C035,P002,5,189.86
SO00906,2025-02-17,C052,P002,19,172.78
SO00907,2025-02-09,C059,P002,2,161.2
SO00908,2025-02-20,C021,P002,9,159.75
SO00909,2025-02-07,C025,P002,7,159.57
SO00910,2025-02-23,C028,P002,9,153.9
SO00911,2025-02-20,C047,P002,2,152.52
SO00912,2025-02-01,C015,P002,7,160.15
SO00913,2025-02-05,C004,P002,5,154.93
SO00914,2025-02-02,C029,P002,9,154.38
SO00915,2025-02-19,C003,P003,33,53.43
SO00916,2025-02-17,C010,P003,32,55.11
SO00917,2025-02-06,C038,P003,17,53.76
SO00918,2025-02-07,C001,P003,15,47.81
SO00919,2025-02-01,C055,P003,77,54.83
SO00920,2025-02-09,C056,P003,17,45.19
SO00921,2025-02-27,C027,P003,24,49.89
SO00922,2025-02-26,C046,P003,12,47.58
SO00923,2025-02-06,C008,P003,55,49.59
SO00924,2025-02-01,C024,P004,11,82.72
SO00925,2025-02-21,C004,P004,2,69.9
SO00926,2025-02-05,C028,P004,22,80.41
SO00927,2025-02-21,C015,P004,8,79.75
SO00928,2025-02-03,C001,P004,10,80.88
SO00929,2025-02-20,C055,P004,22,74.7
SO00930,2025-02-04,C003,P004,13,72.06
SO00931,2025-02-04,C014,P004,3,82.73
SO00932,2025-02-27,C038,P004,13,75.85
SO00933,2025-02-23,C050,P004,8,71.48
SO00934,2025-02-26,C057,P004,9,81.12
SO00935,2025-02-16,C016,P005,30,36.23
SO00936,2025-02-17,C003,P005,28,41.72
SO00937,2025-02-21,C030,P005,18,41.52
SO00938,2025-02-06,C057,P005,9,42.15
SO00939,2025-02-22,C022,P005,6,39.96
SO00940,2025-02-17,C009,P005,5,38.84
SO00941,2025-02-10,C029,P005,7,42.96
SO00942,2025-02-26,C047,P005,43,38.32
SO00943,2025-02-19,C037,P005,1,37.16
SO00944,2025-02-09,C023,P005,32,37.06
SO00945,2025-02-11,C013,P005,8,37.36
SO00946,2025-02-23,C032,P005,14,37.34
SO00947,2025-02-19,C046,P005,29,38.15
SO00948,2025-02-24,C052,P005,40,40.62
SO00949,2025-02-09,C047,P005,8,38.86
SO00950,2025-02-07,C039,P006,34,31.82
SO00951,2025-02-17,C024,P006,19,33.2
SO00952,2025-02-11,C026,P006,9,29.3
SO00953,2025-02-03,C017,P006,23,32.84
SO00954,2025-02-21,C007,P006,4,30.4
SO00955,2025-02-26,C013,P006,7,30.62
SO00956,2025-02-25,C005,P006,13,34.07
SO00957,2025-02-09,C026,P006,14,
SO00958,2025-02-01,C049,P006,1,32.15
SO00959,2025-02-22,C003,P006,48,34.87
SO00960,2025-02-19,C007,P006,20,29.72
SO00961,2025-02-22,C058,P006,11,34.5
SO00962,2025-02-14,C049,P006,44,32.48
SO00963,2025-03-14,C002,P001,11,113.69
SO00964,2025-03-27,C013,P001,1,122.37
SO00965,2025-03-04,C045,P001,9,116.07
SO00966,2025-03-20,C054,P001,29,105.18
SO00967,2025-03-11,C015,P001,41,128.16
SO00968,2025-03-11,C020,P001,4,125.62
SO00969,2025-03-17,C029,P001,1,
SO00970,2025-03-02,C059,P001,37,124.09
SO00971,2025-03-15,C042,P001,9,105.27
SO00972,2025-03-04,C029,P001,14,123.93
SO00973,2025-03-26,C003,P001,61,118.25
SO00974,2025-03-16,,P001,1,123.55
SO00975,2025-03-07,C003,P001,19,121.61
SO00976,2025-03-20,C054,P001,1,107.65
SO00977,2025-03-25,C053,P002,3,161.18
SO00978,2025-03-27,C022,P002,18,184.74
SO00979,2025-03-12,C042,P002,7,179.53
SO00980,2025-03-11,C012,P002,16,159.14
SO00981,2025-03-17,C042,P002,6,174.22
SO00982,2025-03-18,C013,P002,7,166.55
SO00983,2025-03-26,C011,P002,2,169.13
SO00984,2025-03-17,C054,P002,4,162.33
SO00985,2025-03-06,C016,P002,13,172.26
SO00986,2025-03-03,C008,P002,8,187.68
SO00987,2025-03-01,C040,P002,22,172.09
SO00988,2025-03-21,C059,P002,28,178.4
SO00989,2025-03-27,C032,P003,1,50.56
SO00990,2025-03-07,C035,P003,27,55.96
SO00991,2025-03-06,C015,P003,31,45.86
SO00992,2025-03-08,C005,P003,11,47.59
SO00993,2025-03-22,C060,P003,75,52.72
SO00994,2025-03-06,C056,P003,28,45.86
SO00995,2025-03-20,C046,P003,27,54.91
SO00996,2025-03-27,C050,P003,25,53.83
SO00997,2025-03-10,C048,P003,3,44.86
SO00998,2025-03-27,C006,P003,4,47.5
SO00999,2025-03-15,C025,P003,11,48.21
SO01000,2025-03-13,C056,P003,6,46.26
SO01001,2025-03-20,C046,P003,10,54.79
SO01002,2025-03-02,C035,P004,16,79.08
SO01003,2025-03-11,C003,P004,9,76.92
SO01004,2025-03-16,C016,P004,4,77.23
SO01005,2025-03-24,C005,P004,11,73.57
SO01006,2025-03-02,C021,P004,3,72.94
SO01007,2025-03-05,C010,P004,1,77.84
SO01008,2025-03-05,C019,P004,15,83.93
SO01009,2025-03-12,C025,P004,10,75.5
SO01010,2025-03-22,C004,P004,15,80.71
SO01011,2025-03-20,C029,P004,1,82.99
SO01012,2025-03-14,C019,P004,19,68.1
SO01013,2025-03-11,C043,P004,10,81.19
SO01014,2025-03-06,C014,P005,62,39.92
SO01015,2025-03-24,C050,P005,4,43.59
SO01016,2025-03-13,C020,P005,15,36.55
SO01017,2025-03-05,C050,P005,26,42.54
SO01018,2025-03-02,C048,P005,26,43.31
SO01019,2025-03-26,C033,P005,23,41.72
SO01020,2025-03-12,C055,P005,7,38.32
SO01021,2025-03-22,C059,P005,4,41.38
SO01022,2025-03-08,C043,P005,22,37.23
SO01023,2025-03-17,C015,P005,20,40.54
SO01024,2025-03-20,C012,P005,4,37.37
SO01025,2025-03-14,C040,P005,27,41.0
SO01026,2025-03-07,C054,P005,13,39.61
SO01027,2025-03-27,C020,P005,24,43.0
SO01028,2025-03-16,C030,P005,40,38.5
SO01029,2025-03-18,C042,P006,3,30.73
SO01030,2025-03-10,C030,P006,15,29.34
SO01031,2025-03-15,C029,P006,56,29.86
SO01032,2025-03-03,C019,P006,1,35.89
SO01033,2025-03-25,C046,P006,22,35.77
SO01034,2025-03-08,C011,P006,9,28.86
SO01035,2025-03-23,C034,P006,35,34.55
SO01036,2025-03-14,C050,P006,6,33.34
SO01037,2025-03-24,C007,P006,18,29.73
SO01038,2025-03-07,C044,P006,1,31.43
SO01039,2025-03-04,C058,P006,4,33.65
SO01040,2025-03-04,C034,P006,1,30.32
SO01041,2025-03-22,C059,P006,35,35.27
SO01042,2025-03-18,C020,P006,16,31.27
SO01043,2025-04-10,C053,P001,23,112.16
SO01044,2025-04-23,C056,P001,18,125.84
SO01045,2025-04-17,C034,P001,3,123.89
SO01046,2025-04-08,C009,P001,12,113.66
SO01047,2025-04-27,C022,P001,29,117.59
SO01048,2025-04-13,C013,P001,7,123.28
SO01049,2025-04-12,C025,P001,7,116.56
SO01050,2025-04-19,C048,P001,1,121.11
SO01051,2025-04-25,C018,P001,4,126.35
SO01052,2025-04-18,C051,P001,40,107.2
SO01053,2025-04-07,C012,P001,11,115.8
SO01054,2025-04-25,C040,P001,79,117.36
SO01055,2025-04-08,C017,P001,10,109.11
SO01056,2025-04-17,C015,P001,24,125.26
SO01057,2025-04-03,C045,P002,13,
SO01058,2025-04-27,C054,P002,14,164.82
SO01059,2025-04-27,C034,P002,11,184.11
SO01060,2025-04-05,C016,P002,17,158.65
SO01061,2025-04-25,C022,P002,4,152.96
SO01062,2025-04-21,C032,P002,13,185.21
SO01063,2025-04-07,C038,P002,7,174.38
SO01064,2025-04-04,C008,P002,17,152.02
SO01065,2025-04-10,C055,P002,2,182.12
SO01066,2025-04-20,C008,P002,14,166.31
SO01067,2025-04-17,C057,P002,3,157.78
SO01068,2025-04-01,C006,P002,5,173.06
SO01069,2025-04-13,C014,P002,4,155.56
SO01070,2025-04-16,C013,P003,49,48.61
SO01071,2025-04-08,C032,P003,16,47.34
SO01072,2025-04-15,C050,P003,44,55.0
SO01073,2025-04-10,C029,P003,26,53.46
SO01074,2025-04-21,C046,P003,15,45.36
SO01075,2025-04-20,C030,P003,1,47.92
SO01076,2025-04-25,C018,P003,25,49.71
SO01077,2025-04-22,C013,P003,21,55.96
SO01078,2025-04-12,C043,P003,16,45.08
SO01079,2025-04-02,C021,P003,24,47.21
SO01080,2025-04-15,C030,P003,12,50.02
SO01081,2025-04-13,C021,P003,21,46.05
SO01082,2025-04-24,C033,P004,4,73.71
SO01083,2025-04-18,C032,P004,46,72.54
SO01084,2025-04-13,C058,P004,21,81.09
SO01085,2025-04-22,C029,P004,17,68.67
SO01086,2025-04-17,C021,P004,4,71.14
SO01087,2025-04-11,C021,P004,1,72.11
SO01088,2025-04-21,C040,P004,15,83.35
SO01089,2025-04-08,C023,P004,19,82.88
SO01090,2025-04-14,C017,P005,8,35.89
SO01091,2025-04-27,C041,P005,14,42.68
SO01092,2025-04-10,C036,P005,37,38.22
SO01093,2025-04-08,C055,P005,35,39.96
SO01094,2025-04-12,C060,P005,27,36.83
SO01095,2025-04-16,C046,P005,17,39.18
SO01096,2025-04-06,C019,P005,94,35.74
SO01097,2025-04-09,C058,P005,16,37.31
SO01098,2025-04-24,C060,P005,23,40.44
SO01099,2025-04-24,C035,P005,44,38.2
SO01100,2025-04-20,C015,P006,10,34.25
SO01101,2025-04-04,C035,P006,11,31.06
SO01102,2025-04-23,C012,P006,5,29.57
SO01103,2025-04-22,C041,P006,10,30.17
SO01104,2025-04-03,C053,P006,18,31.26
SO01105,2025-04-25,C044,P006,23,35.01
SO01106,2025-04-20,C026,P006,23,29.66
SO01107,2025-04-01,C047,P006,14,29.64
SO01108,2025-04-15,C034,P006,38,35.64
SO01109,2025-04-14,C023,P006,28,33.09
SO01110,2025-04-14,C031,P006,23,33.35
SO01111,2025-04-24,C050,P006,1,29.64
SO01112,2025-05-11,C037,P001,5,117.84
SO01113,2025-05-12,C056,P001,1,126.7
SO01114,2025-05-13,C059,P001,17,118.77
SO01115,2025-05-22,C045,P001,2,115.01
SO01116,2025-05-09,C038,P001,40,104.83
SO01117,2025-05-26,C029,P001,14,115.21
SO01118,2025-05-15,C005,P001,23,107.75
SO01119,2025-05-20,C009,P001,10,104.71
SO01120,2025-05-01,C059,P001,16,115.91
SO01121,2025-05-08,C048,P001,56,129.73
SO01122,2025-05-01,C002,P001,2,110.57
SO01123,2025-05-10,C001,P001,6,113.34
SO01124,2025-05-21,C040,P001,29,123.37
SO01125,2025-05-22,C060,P001,2,116.41
SO01126,2025-05-13,C051,P001,2,124.64
SO01127,2025-05-15,C053,P002,16,170.07
SO01128,2025-05-20,C056,P002,4,161.49
SO01129,2025-05-27,C035,P002,2,176.94
SO01130,2025-05-18,C060,P002,1,164.62
SO01131,2025-05-25,C006,P002,6,179.16
SO01132,2025-05-13,C005,P002,6,160.51
SO01133,2025-05-12,C022,P002,18,156.42
SO01134,2025-05-19,C058,P002,2,181.4
SO01135,2025-05-15,C049,P002,5,177.15
SO01136,2025-05-17,C023,P002,16,176.63
SO01137,2025-05-20,C025,P002,17,172.93
SO01138,2025-05-26,C034,P002,5,183.68
SO01139,2025-05-08,C026,P002,6,164.15
SO01140,2025-05-03,C028,P003,7,47.39
SO01141,2025-05-24,C016,P003,28,55.65
SO01142,2025-05-09,C004,P003,35,48.31
SO01143,2025-05-02,C045,P003,73,
SO01144,2025-05-24,C026,P003,69,50.0
SO01145,2025-05-07,C028,P003,5,51.92
SO01146,2025-05-25,C032,P003,33,48.0
SO01147,2025-05-10,C045,P003,13,48.33
SO01148,2025-05-18,C002,P003,11,52.39
SO01149,2025-05-11,C058,P004,6,79.18
SO01150,2025-05-04,C032,P004,7,72.65
SO01151,2025-05-17,C009,P004,26,79.44
SO01152,2025-05-05,C037,P004,13,81.6
SO01153,2025-05-24,C010,P004,1,80.73
SO01154,2025-05-22,C020,P004,34,69.42
SO01155,2025-05-22,C006,P004,3,80.36
SO01156,2025-05-11,C048,P004,1,74.83
SO01157,2025-05-10,C056,P004,17,67.63
SO01158,2025-05-12,C059,P004,8,78.28
SO01159,2025-05-01,C003,P004,7,74.44
SO01160,2025-05-27,C042,P004,3,82.97
SO01161,2025-05-12,C048,P005,13,35.52
SO01162,2025-05-18,C034,P005,16,35.65
SO01163,2025-05-11,C010,P005,59,38.9
SO01164,2025-05-19,C035,P005,36,38.66
SO01165,2025-05-21,C011,P005,3,41.63
SO01166,2025-05-16,C011,P005,20,35.3
SO01167,2025-05-12,C021,P005,14,37.96
SO01168,2025-05-15,C021,P005,38,35.55
SO01169,2025-05-12,C022,P005,31,38.4
SO01170,2025-05-04,C045,P005,28,43.77
SO01171,2025-05-02,C007,P005,10,35.74
SO01172,2025-05-27,C055,P005,39,41.44
SO01173,2025-05-08,C017,P005,1,43.16
SO01174,2025-05-15,C002,P005,4,39.72
SO01175,2025-05-13,C010,P006,1,32.92
SO01176,2025-05-05,C007,P006,9,34.27
SO01177,2025-05-20,C045,P006,30,32.74
SO01178,2025-05-25,C052,P006,28,30.73
SO01179,2025-05-04,C060,P006,4,31.74
SO01180,2025-05-16,C037,P006,4,30.03
SO01181,2025-05-22,C029,P006,29,29.05
SO01182,2025-05-13,C003,P006,45,31.23
SO01183,2025-05-02,C015,P006,2,30.19
SO01184,2025-05-22,C036,P006,10,30.67
SO01185,2025-05-22,C047,P006,7,31.23
SO01186,2025-05-15,C046,P006,35,30.94
SO01187,2025-05-07,C052,P006,1,29.6
SO01188,2025-05-06,C019,P006,4,30.53
SO01189,2025-06-10,C013,P001,24,124.64
SO01190,2025-06-03,C042,P001,3,119.02
SO01191,2025-06-19,C009,P001,1,129.61
SO01192,2025-06-02,C042,P001,32,115.29
SO01193,2025-06-10,C031,P001,23,115.11
SO01194,2025-06-24,C007,P001,3,118.67
SO01195,2025-06-16,C004,P001,1,120.77
SO01196,2025-06-07,C019,P001,139,128.3
SO01197,2025-06-11,C053,P002,7,189.21
SO01198,2025-06-11,C042,P002,3,188.63
SO01199,2025-06-03,C007,P002,2,164.32
SO01200,2025-06-10,C002,P002,20,185.8
SO01201,2025-06-22,C042,P002,16,174.92
SO01202,2025-06-16,C024,P002,6,152.21
SO01203,2025-06-22,C004,P002,14,168.3
SO01204,2025-06-06,C044,P002,15,157.45
SO01205,2025-06-10,C019,P002,5,178.31
SO01206,2025-06-08,C026,P002,23,164.31
SO01207,2025-06-14,C020,P003,2,49.26
SO01208,2025-06-15,C039,P003,4,54.77
SO01209,2025-06-20,C060,P003,28,51.12
SO01210,2025-06-24,C002,P003,56,48.86
SO01211,2025-06-14,C001,P003,1,45.81
SO01212,2025-06-18,C051,P003,39,46.23
SO01213,2025-06-02,C060,P003,12,55.07
SO01214,2025-06-12,C036,P003,19,46.49
SO01215,2025-06-06,C024,P003,78,52.8
SO01216,2025-06-04,C054,P003,12,52.94
SO01217,2025-06-16,C027,P003,19,55.94
SO01218,2025-06-24,C002,P003,1,53.67
SO01219,2025-06-01,C031,P003,3,54.18
SO01220,2025-06-20,C057,P003,9,55.39
SO01221,2025-06-15,C023,P004,15,75.58
SO01222,2025-06-05,C014,P004,71,68.94
SO01223,2025-06-20,C007,P004,4,78.03
SO01224,2025-06-27,C046,P004,130,72.22
SO01225,2025-06-11,C032,P004,20,67.2
SO01226,2025-06-03,C015,P004,7,73.19
SO01227,2025-06-19,C044,P004,29,69.69
SO01228,2025-06-23,C017,P004,2,80.9
SO01229,2025-06-13,C041,P004,58,83.29
SO01230,2025-06-03,C054,P004,118,82.3
SO01231,2025-06-01,C001,P005,9,40.77
SO01232,2025-06-03,C058,P005,18,41.07
SO01233,2025-06-12,C053,P005,10,41.3
SO01234,2025-06-13,C047,P005,5,37.46
SO01235,2025-06-07,C001,P005,2,42.88
SO01236,2025-06-22,C017,P005,7,43.95
SO01237,2025-06-27,C002,P005,2,40.65
SO01238,2025-06-13,C029,P005,4,41.13
SO01239,2025-06-25,C020,P005,86,37.7
SO01240,2025-06-20,C006,P005,12,39.53
SO01241,2025-06-13,C008,P005,15,42.68
SO01242,2025-06-19,C029,P005,41,37.19
SO01243,2025-06-08,C048,P005,107,43.68
SO01244,2025-06-16,C051,P005,17,37.68
SO01245,2025-06-11,C038,P006,24,35.34
SO01246,2025-06-04,C049,P006,21,30.17
SO01247,2025-06-26,C042,P006,2,34.35
SO01248,2025-06-12,C028,P006,2,31.38
SO01249,2025-06-21,C001,P006,3,32.61
SO01250,2025-06-21,C035,P006,24,31.07
SO01251,2025-06-25,C040,P006,21,35.82
SO01252,2025-06-22,C008,P006,7,30.98
SO01253,2025-06-20,C059,P006,28,33.66
SO01254,2025-06-11,C052,P006,47,35.5
SO01255,2025-06-07,C054,P006,1,32.07
SO01256,2025-06-11,C047,P006,19,31.46
SO01257,2025-06-09,C056,P006,32,30.61
SO01258,2025-06-23,C007,P006,8,31.09
SO01259,2025-07-10,C029,P001,1,119.96
SO01260,2025-07-21,C045,P001,8,115.49
SO01261,2025-07-20,C015,P001,13,114.32
SO01262,2025-07-23,C046,P001,3,114.79
SO01263,2025-07-07,C056,P001,20,120.87
SO01264,2025-07-18,C025,P001,116,109.14
SO01265,2025-07-10,C051,P001,11,116.41
SO01266,2025-07-07,C038,P001,8,117.66
SO01267,2025-07-20,C030,P002,14,155.01
SO01268,2025-07-27,C050,P002,11,174.53
SO01269,2025-07-25,C009,P002,4,167.06
SO01270,2025-07-16,C035,P002,14,173.22
SO01271,2025-07-27,C008,P002,5,168.45
SO01272,2025-07-04,C024,P002,36,175.35
SO01273,2025-07-07,C019,P002,6,187.7
SO01274,2025-07-26,C036,P002,2,169.86
SO01275,2025-07-09,C050,P002,22,183.48
SO01276,2025-07-12,C019,P003,50,55.45
SO01277,2025-07-27,C037,P003,9,48.63
SO01278,2025-07-22,C018,P003,7,45.76
SO01279,2025-07-23,C031,P003,4,47.34
SO01280,2025-07-11,C037,P003,23,46.28
SO01281,2025-07-15,C030,P003,8,51.64
SO01282,2025-07-07,C057,P003,88,49.07
SO01283,2025-07-22,,P003,8,46.22
SO01284,2025-07-07,C033,P003,10,
SO01285,2025-07-12,C010,P003,19,53.22
SO01286,2025-07-26,C037,P003,33,49.76
SO01287,2025-07-19,C021,P004,4,77.71
SO01288,2025-07-09,C055,P004,11,67.55
SO01289,2025-07-22,C059,P004,4,68.2
SO01290,2025-07-23,C016,P004,6,80.43
SO01291,2025-07-21,C031,P004,13,75.99
SO01292,2025-07-10,C014,P004,1,76.32
SO01293,2025-07-26,C039,P004,5,68.55
SO01294,2025-07-27,C028,P004,53,69.94
SO01295,2025-07-19,C032,P004,12,79.67
SO01296,2025-07-15,C028,P004,11,77.25
SO01297,2025-07-01,C057,P005,19,38.11
SO01298,2025-07-16,C007,P005,14,42.61
SO01299,2025-07-24,C015,P005,51,39.17
SO01300,2025-07-18,C007,P005,4,36.7
SO01301,2025-07-17,C038,P005,20,42.21
SO01302,2025-07-14,C034,P005,2,39.76
SO01303,2025-07-09,C041,P005,2,36.66
SO01304,2025-07-23,C022,P005,24,43.91
SO01305,2025-07-15,C024,P005,24,41.61
SO01306,2025-07-25,C049,P005,59,36.45
SO01307,2025-07-13,C037,P005,23,36.0
SO01308,2025-07-18,C044,P005,91,41.12
SO01309,2025-07-12,C013,P006,24,29.32
SO01310,2025-07-18,C005,P006,22,33.32
SO01311,2025-07-23,C025,P006,11,34.43
SO01312,2025-07-03,C020,P006,14,31.14
SO01313,2025-07-26,C054,P006,11,35.1
SO01314,2025-07-22,C018,P006,1,34.06
SO01315,2025-07-24,C047,P006,9,31.68
SO01316,2025-07-19,C018,P006,4,34.13
SO01317,2025-07-22,C002,P006,2,30.1
SO01318,2025-07-22,C010,P006,67,30.2
SO01319,2025-07-12,C055,P006,19,34.06
SO01320,2025-07-27,C045,P006,28,31.48
SO01321,2025-07-27,C050,P006,8,29.29
SO01322,2025-07-17,C047,P006,11,35.69
SO01323,2025-08-23,C023,P001,8,112.19
SO01324,2025-08-12,C043,P001,5,109.46
SO01325,2025-08-19,C043,P001,7,125.51
SO01326,2025-08-19,C023,P001,55,113.23
SO01327,2025-08-18,C032,P001,1,105.13
SO01328,2025-08-27,C030,P001,11,110.79
SO01329,2025-08-09,C013,P001,5,123.36
SO01330,2025-08-25,C043,P001,1,124.7
SO01331,2025-08-26,C018,P001,2,117.34
SO01332,2025-08-13,C023,P001,29,116.69
SO01333,2025-08-23,C015,P001,20,112.25
SO01334,2025-08-22,C033,P001,23,114.9
SO01335,2025-08-17,C021,P001,46,122.04
SO01336,2025-08-02,C057,P001,2,111.49
SO01337,2025-08-18,C039,P001,4,114.8
SO01338,2025-08-02,C024,P002,5,185.85
SO01339,2025-08-02,C045,P002,19,175.82
SO01340,2025-08-23,C035,P002,1,168.33
SO01341,2025-08-16,C001,P002,12,163.24
SO01342,2025-08-09,C036,P002,40,173.74
SO01343,2025-08-19,C025,P002,3,158.26
SO01344,2025-08-16,C045,P002,9,159.55
SO01345,2025-08-23,C049,P002,1,166.62
SO01346,2025-08-25,C060,P002,14,173.1
SO01347,2025-08-06,C043,P002,11,174.41
SO01348,2025-08-05,C004,P003,28,51.12
SO01349,2025-08-18,C017,P003,9,54.72
SO01350,2025-08-13,C016,P003,13,45.01
SO01351,2025-08-13,C015,P003,19,52.87
SO01352,2025-08-09,C035,P003,63,54.65
SO01353,2025-08-16,C057,P003,1,48.38
SO01354,2025-08-09,C052,P003,40,46.34
SO01355,2025-08-11,C005,P003,42,47.27
SO01356,2025-08-10,C055,P003,60,54.42
SO01357,2025-08-26,C020,P004,5,69.67
SO01358,2025-08-11,C044,P004,4,78.04
SO01359,2025-08-05,C055,P004,21,71.1
SO01360,2025-08-27,C017,P004,1,67.31
SO01361,2025-08-15,C045,P004,6,82.68
SO01362,2025-08-24,C002,P004,10,81.06
SO01363,2025-08-15,C025,P004,23,79.82
SO01364,2025-08-23,C013,P004,8,80.06
SO01365,2025-08-14,C058,P004,14,70.27
SO01366,2025-08-06,C039,P004,1,77.98
SO01367,2025-08-19,C028,P004,4,80.44
SO01368,2025-08-16,C042,P004,4,75.37
SO01369,2025-08-08,C055,P004,19,80.85
SO01370,2025-08-18,C006,P004,1,72.52
SO01371,2025-08-20,C003,P004,1,75.36
SO01372,2025-08-22,C014,P005,41,42.75
SO01373,2025-08-09,C051,P005,30,43.88
SO01374,2025-08-08,C026,P005,3,41.16
SO01375,2025-08-04,C048,P005,25,40.7
SO01376,2025-08-03,C021,P005,61,36.69
SO01377,2025-08-08,C054,P005,24,42.77
SO01378,2025-08-01,C056,P005,8,39.38
SO01379,2025-08-06,C039,P005,15,35.98
SO01380,2025-08-23,C030,P005,22,36.68
SO01381,2025-08-11,C059,P005,15,41.15
SO01382,2025-08-01,C008,P005,3,36.86
SO01383,2025-08-04,C051,P005,8,40.28
SO01384,2025-08-27,C020,P005,34,40.52
SO01385,2025-08-03,C048,P005,41,42.18
SO01386,2025-08-17,C036,P006,23,30.39
SO01387,2025-08-02,C055,P006,16,31.46
SO01388,2025-08-12,C008,P006,1,32.6
SO01389,2025-08-02,C015,P006,24,
SO01390,2025-08-07,C003,P006,15,35.14
SO01391,2025-08-25,C047,P006,16,29.8
SO01392,2025-08-08,C013,P006,6,31.66
SO01393,2025-08-02,C041,P006,28,29.33
SO01394,2025-08-14,C034,P006,17,35.06
SO01395,2025-08-20,C024,P006,2,31.84
SO01396,2025-08-21,C040,P006,7,34.69
SO01397,2025-08-05,C032,P006,28,34.71
SO01398,2025-08-26,C032,P006,1,33.65
SO01399,2025-08-11,C030,P006,42,32.1
SO01400,2025-08-26,C052,P006,15,29.13
SO01401,2025-09-04,C055,P001,12,110.3
SO01402,2025-09-27,C029,P001,72,113.75
SO01403,2025-09-01,C038,P001,8,122.69
SO01404,2025-09-09,C059,P001,33,123.48
SO01405,2025-09-06,C046,P001,6,106.81
SO01406,2025-09-02,C033,P001,1,105.4
SO01407,2025-09-10,C018,P001,3,111.14
SO01408,2025-09-17,C007,P001,7,114.19
SO01409,2025-09-18,C001,P001,3,
SO01410,2025-09-17,C033,P001,1,115.55
SO01411,2025-09-07,C001,P001,33,125.19
SO01412,2025-09-17,C024,P001,24,126.4
SO01413,2025-09-23,C004,P001,18,121.46
SO01414,2025-09-01,C059,P002,7,188.15
SO01415,2025-09-17,C047,P002,3,160.88
SO01416,2025-09-15,C012,P002,22,159.03
SO01417,2025-09-22,C042,P002,3,173.11
SO01418,2025-09-23,C051,P002,22,160.51
SO01419,2025-09-22,C056,P002,7,189.14
SO01420,2025-09-19,C051,P002,1,164.55
SO01421,2025-09-02,C006,P002,4,183.92
SO01422,2025-09-16,,P002,24,178.94
SO01423,2025-09-26,C024,P002,10,163.33
SO01424,2025-09-14,C027,P002,1,177.61
SO01425,2025-09-15,C038,P002,6,181.76
SO01426,2025-09-22,C008,P002,2,179.28
SO01427,2025-09-17,C054,P003,54,53.98
SO01428,2025-09-23,C040,P003,5,55.78
SO01429,2025-09-21,C026,P003,39,47.98
SO01430,2025-09-15,C016,P003,18,54.64
SO01431,2025-09-13,C028,P003,2,49.21
SO01432,2025-09-14,C001,P003,71,49.79
SO01433,2025-09-19,C036,P003,6,52.65
SO01434,2025-09-18,C010,P003,45,
SO01435,2025-09-05,C043,P003,4,54.09
SO01436,2025-09-16,C045,P004,14,80.22
SO01437,2025-09-26,C055,P004,11,80.1
SO01438,2025-09-03,C027,P004,2,70.43
SO01439,2025-09-02,C057,P004,8,74.76
SO01440,2025-09-09,C005,P004,1,82.62
SO01441,2025-09-03,C002,P004,5,81.08
SO01442,2025-09-18,C055,P004,6,82.72
SO01443,2025-09-09,C058,P004,1,72.82
SO01444,2025-09-14,C033,P004,3,78.48
SO01445,2025-09-06,C016,P004,32,73.18
SO01446,2025-09-07,C023,P004,32,81.06
SO01447,2025-09-04,C038,P004,5,76.47
SO01448,2025-09-17,C055,P004,1,74.36
SO01449,2025-09-10,C007,P005,40,41.58
SO01450,2025-09-16,C013,P005,36,37.32
SO01451,2025-09-06,C015,P005,46,36.98
SO01452,2025-09-24,C025,P005,17,36.5
SO01453,2025-09-24,C023,P005,67,39.99
SO01454,2025-09-24,C060,P005,9,43.22
SO01455,2025-09-02,C022,P005,24,38.7
SO01456,2025-09-24,C026,P005,62,37.91
SO01457,2025-09-17,C033,P005,8,36.18
SO01458,2025-09-18,C011,P005,4,43.7
SO01459,2025-09-25,C047,P006,27,33.78
SO01460,2025-09-14,C043,P006,6,35.72
SO01461,2025-09-18,C044,P006,13,34.77
SO01462,2025-09-03,C009,P006,7,31.33
SO01463,2025-09-10,C013,P006,2,32.79
SO01464,2025-09-12,,P006,45,34.29
SO01465,2025-09-17,C027,P006,28,31.05
SO01466,2025-09-03,C015,P006,8,31.92
SO01467,2025-09-23,C028,P006,20,34.8
SO01468,2025-09-08,C037,P006,5,34.52
SO01469,2025-09-21,C055,P006,48,33.13
SO01470,2025-09-14,C019,P006,3,34.14
SO01471,2025-09-16,C026,P006,1,29.1
SO01472,2025-09-22,C052,P006,15,31.64
SO01473,2025-09-17,C026,P006,19,28.94
SO01474,2025-10-04,C030,P001,18,105.4
SO01475,2025-10-10,C049,P001,6,129.41
SO01476,2025-10-15,C012,P001,13,112.68
SO01477,2025-10-17,C026,P001,3,125.82
SO01478,2025-10-02,C044,P001,18,107.98
SO01479,2025-10-27,C033,P001,10,128.41
SO01480,2025-10-23,C013,P001,3,123.01
SO01481,2025-10-02,C014,P001,5,126.24
SO01482,2025-10-14,C024,P001,18,118.91
SO01483,2025-10-02,C034,P001,9,128.35
SO01484,2025-10-14,C044,P001,3,105.78
SO01485,2025-10-04,C026,P001,45,107.1
SO01486,2025-10-12,C021,P001,16,125.89
SO01487,2025-10-22,C028,P001,41,119.53
SO01488,2025-10-19,C048,P001,7,108.99
SO01489,2025-10-12,C021,P002,16,155.52
SO01490,2025-10-02,C057,P002,3,154.01
SO01491,2025-10-26,C011,P002,17,155.85
SO01492,2025-10-03,C038,P002,1,163.51
SO01493,2025-10-19,C008,P002,13,170.33
SO01494,2025-10-07,C042,P002,16,174.82
SO01495,2025-10-13,C024,P002,2,178.88
SO01496,2025-10-21,C035,P002,5,175.45
SO01497,2025-10-04,C055,P002,2,174.14
SO01498,2025-10-19,C014,P002,10,187.06
SO01499,2025-10-17,C055,P002,6,179.4
SO01500,2025-10-06,C014,P002,8,159.3
SO01501,2025-10-19,C010,P002,2,170.51
SO01502,2025-10-25,C012,P002,2,174.89
SO01503,2025-10-09,C038,P002,1,167.5
SO01504,2025-10-12,C024,P003,6,54.34
SO01505,2025-10-26,C023,P003,48,45.36
SO01506,2025-10-19,C007,P003,6,53.1
SO01507,2025-10-24,C009,P003,3,48.44
SO01508,2025-10-24,C001,P003,17,55.69
SO01509,2025-10-24,C026,P003,31,46.81
SO01510,2025-10-25,C038,P003,17,47.45
SO01511,2025-10-24,C038,P003,9,50.12
SO01512,2025-10-18,C054,P003,24,45.64
SO01513,2025-10-25,C044,P003,12,49.92
SO01514,2025-10-12,C022,P003,79,47.49
SO01515,2025-10-20,C007,P004,3,74.74
SO01516,2025-10-18,C040,P004,20,73.02
SO01517,2025-10-18,C033,P004,5,72.78
SO01518,2025-10-24,C021,P004,44,77.57
SO01519,2025-10-12,C002,P004,7,71.09
SO01520,2025-10-23,C018,P004,18,80.08
SO01521,2025-10-11,C047,P004,6,81.79
SO01522,2025-10-26,C033,P004,6,81.73
SO01523,2025-10-15,C037,P004,5,
SO01524,2025-10-25,C034,P004,14,71.99
SO01525,2025-10-11,C019,P005,25,41.74
SO01526,2025-10-18,C029,P005,34,38.52
SO01527,2025-10-22,C003,P005,20,41.32
SO01528,2025-10-05,C026,P005,11,38.67
SO01529,2025-10-26,C040,P005,59,40.27
SO01530,2025-10-16,C059,P005,13,35.51
SO01531,2025-10-09,C058,P005,21,38.78
SO01532,2025-10-05,C058,P005,87,39.93
SO01533,2025-10-11,C012,P005,20,43.11
SO01534,2025-10-13,C002,P005,7,37.59
SO01535,2025-10-08,C048,P006,11,32.87
SO01536,2025-10-21,C045,P006,7,31.09
SO01537,2025-10-12,C045,P006,69,32.01
SO01538,2025-10-05,C049,P006,41,30.97
SO01539,2025-10-01,C027,P006,33,29.42
SO01540,2025-10-12,C039,P006,10,31.7
SO01541,2025-10-20,C040,P006,6,31.59
SO01542,2025-10-24,C013,P006,41,29.67
SO01543,2025-10-02,C023,P006,19,35.53
SO01544,2025-10-13,C059,P006,7,32.01
SO01545,2025-10-13,C016,P006,28,33.67
SO01546,2025-10-14,C030,P006,1,29.51
SO01547,2025-10-06,C004,P006,11,30.78
SO01548,2025-11-15,C009,P001,41,111.58
SO01549,2025-11-16,C053,P001,96,105.52
SO01550,2025-11-05,C018,P001,1,111.52
SO01551,2025-11-01,C043,P001,4,108.37
SO01552,2025-11-26,C035,P001,6,107.07
SO01553,2025-11-27,C057,P001,8,105.49
SO01554,2025-11-03,C055,P001,4,119.01
SO01555,2025-11-22,C034,P001,4,107.95
SO01556,2025-11-17,C041,P001,49,112.81
SO01557,2025-11-23,C014,P001,40,114.9
SO01558,2025-11-17,C004,P001,1,111.34
SO01559,2025-11-04,C029,P001,7,117.12
SO01560,2025-11-02,C041,P001,8,128.28
SO01561,2025-11-08,C045,P001,4,121.19
SO01562,2025-11-15,C050,P001,16,113.57
SO01563,2025-11-15,C060,P002,2,183.26
SO01564,2025-11-16,C049,P002,4,171.48
SO01565,2025-11-15,C012,P002,11,171.1
SO01566,2025-11-05,C055,P002,4,184.6
SO01567,2025-11-13,C021,P002,3,159.32
SO01568,2025-11-04,C056,P002,4,163.32
SO01569,2025-11-20,C004,P002,7,188.98
SO01570,2025-11-12,C031,P002,3,160.64
SO01571,2025-11-12,C044,P002,16,154.86
SO01572,2025-11-27,C031,P002,2,187.72
SO01573,2025-11-05,C058,P002,4,152.27
SO01574,2025-11-10,C023,P002,8,164.51
SO01575,2025-11-07,C054,P002,7,185.86
SO01576,2025-11-10,C053,P002,12,161.68
SO01577,2025-11-27,C020,P002,33,189.38
SO01578,2025-11-26,C029,P003,82,50.26
SO01579,2025-11-16,C043,P003,5,55.58
SO01580,2025-11-23,C049,P003,3,45.37
SO01581,2025-11-06,C036,P003,1,47.92
SO01582,2025-11-05,C058,P003,12,46.4
SO01583,2025-11-18,C044,P003,30,48.43
SO01584,2025-11-25,C010,P003,154,47.92
SO01585,2025-11-01,C031,P003,34,55.99
SO01586,2025-11-03,C006,P003,19,53.99
SO01587,2025-11-03,C057,P003,46,45.72
SO01588,2025-11-03,C001,P003,7,52.98
SO01589,2025-11-13,C007,P003,53,50.52
SO01590,2025-11-22,C059,P004,1,76.24
SO01591,2025-11-17,C020,P004,2,82.03
SO01592,2025-11-08,C009,P004,39,70.04
SO01593,2025-11-06,C017,P004,12,69.37
SO01594,2025-11-12,C027,P004,24,81.4
SO01595,2025-11-09,C047,P004,10,71.76
SO01596,2025-11-24,C002,P004,6,78.88
SO01597,2025-11-18,C036,P004,8,68.72
SO01598,2025-11-19,C019,P004,30,77.47
SO01599,2025-11-17,C017,P004,19,81.51
SO01600,2025-11-11,C005,P004,53,70.06
SO01601,2025-11-17,C039,P004,22,82.25
SO01602,2025-11-09,C018,P004,16,80.33
SO01603,2025-11-24,C053,P004,18,72.84
SO01604,2025-11-06,C039,P005,70,37.51
SO01605,2025-11-09,C049,P005,11,42.83
SO01606,2025-11-14,C029,P005,11,36.29
SO01607,2025-11-19,C018,P005,29,43.63
SO01608,2025-11-05,C044,P005,13,39.72
SO01609,2025-11-04,C008,P005,1,42.57
SO01610,2025-11-25,C054,P005,44,43.02
SO01611,2025-11-02,C031,P005,30,39.83
SO01612,2025-11-22,C034,P005,25,37.55
SO01613,2025-11-16,C007,P005,143,41.68
SO01614,2025-11-06,C036,P005,36,36.14
SO01615,2025-11-15,C018,P005,84,38.6
SO01616,2025-11-19,C015,P006,51,33.17
SO01617,2025-11-23,C030,P006,2,32.37
SO01618,2025-11-02,C044,P006,109,29.26
SO01619,2025-11-06,C058,P006,46,35.9
SO01620,2025-11-19,C017,P006,1,30.32
SO01621,2025-11-12,C004,P006,53,33.75
SO01622,2025-11-06,C007,P006,27,34.88
SO01623,2025-11-18,C041,P006,56,31.03
SO01624,2025-12-27,C010,P001,6,114.88
SO01625,2025-12-04,C009,P001,16,110.28
SO01626,2025-12-08,C027,P001,31,122.63
SO01627,2025-12-03,C013,P001,71,110.94
SO01628,2025-12-12,C019,P001,57,115.24
SO01629,2025-12-13,C021,P001,10,
SO01630,2025-12-14,C024,P001,25,104.33
SO01631,2025-12-06,C038,P001,20,121.87
SO01632,2025-12-08,C004,P001,18,110.04
SO01633,2025-12-17,C024,P001,39,122.24
SO01634,2025-12-25,C012,P002,27,177.17
SO01635,2025-12-12,C024,P002,5,172.2
SO01636,2025-12-10,C005,P002,3,157.94
SO01637,2025-12-08,C020,P002,36,168.39
SO01638,2025-12-13,C039,P002,10,152.08
SO01639,2025-12-24,C039,P002,3,164.68
SO01640,2025-12-11,C013,P002,35,179.44
SO01641,2025-12-21,C041,P002,30,173.63
SO01642,2025-12-05,C022,P003,2,45.19
SO01643,2025-12-06,C020,P003,40,45.76
SO01644,2025-12-05,C025,P003,24,49.67
SO01645,2025-12-10,C015,P003,178,47.77
SO01646,2025-12-27,C060,P003,9,52.55
SO01647,2025-12-18,C049,P003,71,47.27
SO01648,2025-12-16,C029,P003,4,45.97
SO01649,2025-12-03,C008,P003,40,50.27
SO01650,2025-12-02,C037,P003,54,50.72
SO01651,2025-12-09,C049,P003,24,47.79
SO01652,2025-12-05,C052,P003,41,52.08
SO01653,2025-12-21,C033,P003,12,46.25
SO01654,2025-12-20,C022,P003,24,51.81
SO01655,2025-12-27,C050,P003,65,48.34
SO01656,2025-12-13,C047,P003,24,45.35
SO01657,2025-12-27,C029,P004,11,68.74
SO01658,2025-12-15,C052,P004,44,78.06
SO01659,2025-12-01,C011,P004,3,75.84
SO01660,2025-12-03,C033,P004,9,78.12
SO01661,2025-12-07,C038,P004,33,80.1
SO01662,2025-12-11,C058,P004,66,74.58
SO01663,2025-12-03,C011,P004,12,70.77
SO01664,2025-12-02,C027,P004,13,81.08
SO01665,2025-12-12,C033,P004,16,77.16
SO01666,2025-12-10,C021,P004,51,68.13
SO01667,2025-12-02,C039,P004,37,74.99
SO01668,2025-12-06,C031,P004,4,82.8
SO01669,2025-12-10,C038,P004,11,71.82
SO01670,2025-12-04,C046,P004,12,76.03
SO01671,2025-12-17,C002,P004,30,72.88
SO01672,2025-12-08,C021,P005,56,37.34
SO01673,2025-12-21,C002,P005,65,41.11
SO01674,2025-12-06,C054,P005,16,36.1
SO01675,2025-12-19,C027,P005,20,40.75
SO01676,2025-12-21,C038,P005,7,41.89
SO01677,2025-12-20,C026,P005,55,39.72
SO01678,2025-12-14,C058,P005,2,39.05
SO01679,2025-12-25,C059,P005,47,39.84
SO01680,2025-12-09,C038,P005,106,36.0
SO01681,2025-12-26,C046,P005,115,41.83
SO01682,2025-12-22,C025,P005,31,36.84
SO01683,2025-12-20,C011,P005,32,36.87
SO01684,2025-12-04,C051,P006,3,30.84
SO01685,2025-12-26,C049,P006,49,29.73
SO01686,2025-12-25,C043,P006,101,34.27
SO01687,2025-12-27,C028,P006,1,35.73
SO01688,2025-12-10,C028,P006,3,32.49
SO01689,2025-12-25,C008,P006,47,29.56
SO01690,2025-12-03,C023,P006,94,33.14
SO01691,2025-12-26,C029,P006,22,33.25
SO01692,2025-12-02,C005,P006,24,29.31
SO01693,2025-12-18,C042,P006,50,34.81
SO01694,2025-12-12,C007,P006,18,33.64
SO01695,2025-12-20,C042,P006,1,34.93
SO01545,2025-10-13,C016,P006,28,33.67
SO00992,2025-03-08,C005,P003,11,47.59
SO01403,2025-09-01,C038,P001,8,122.69
SO01067,2025-04-17,C057,P002,3,157.78
SO01353,2025-08-16,C057,P003,1,48.38
SO00882,2025-01-18,C014,P005,34,39.01
SO00303,2024-05-05,C011,P003,16,47.27
SO00448,2024-07-26,C025,P004,19,72.87
SO01242,2025-06-19,C029,P005,41,37.19
SO00401,2024-06-10,C029,P006,4,28.93
